int64_field_0,id,latitude,locked,longitude,name,terminal_name,borough,string_field_8,borough_key
13,92,51.49889832,False,-0.100440521,"Borough Road, Elephant & Castle",1082,Southwark,,1
17,314,51.50088934,False,-0.083159352,"Tyers Gate, Bermondsey",3485,Southwark,,1
19,421,51.504044,False,-0.104778,"Southwark Station 2, Southwark",22163,Southwark,,1
24,193,51.50581776,False,-0.100186337,"Bankside Mix, Bankside",963,Southwark,,1
26,240,51.50545935,False,-0.10569204,"Colombo Street, Southwark",3472,Southwark,,1
117,849,51.495598,False,-0.078893,"Crimscott Street, Bermondsey",300061,Southwark,,1
172,411,51.499169,False,-0.055846029,"Rotherhithe Roundabout, Rotherhithe",10629,Southwark,,1
183,845,51.497995,False,-0.063471392,"Bermondsey Station, Bermondsey",300253,Southwark,,1
197,152,51.49217002,False,-0.101536865,"Hampton Street, Walworth",1118,Southwark,,1
201,850,51.489102,False,-0.0915489,"Brandon Street, Walworth",300060,Southwark,,1
206,820,51.492807,False,-0.091938,"Victory Place, Walworth",300239,Southwark,,1
228,666,51.492668,False,-0.072350665,"Harris Academy, Bermondsey",300004,Southwark,,1
236,840,51.498585,False,-0.068981764,"George Row, Bermondsey",2679,Southwark,,1
257,841,51.500845,False,-0.074704305,"Tower Wharf, Bermondsey",2667,Southwark,,1
268,235,51.49571828,False,-0.110889274,"Kennington Road  , Vauxhall",1154,Southwark,,1
318,298,51.50227992,False,-0.074189225,"Curlew Street, Shad Thames",1213,Southwark,,1
322,851,51.492221,False,-0.0625131,"The Blue, Bermondsey",300059,Southwark,,1
327,847,51.488067,False,-0.057774596,"South Bermondsey Station, Bermondsey",300062,Southwark,,1
338,297,51.49612799,False,-0.106000855,"Geraldine Street, Elephant & Castle",3498,Southwark,,1
339,10,51.50597426,False,-0.092754157,"Park Street, Bankside",1024,Southwark,,1
347,321,51.49785559,False,-0.081608045,"Bermondsey Street, Bermondsey",2637,Southwark,,1
384,230,51.50669284,False,-0.103137426,"Poured Lines, Bankside",1144,Southwark,,1
395,196,51.50368837,False,-0.098497684,"Union Street, The Borough",961,Southwark,,1
404,732,51.50630441,False,-0.087262995,"Duke Street Hill, London Bridge",300083,Southwark,,1
409,725,51.491327,False,-0.096518684,"Walworth Square, Walworth",300050,Southwark,,1
418,194,51.50462759,False,-0.091773776,"Hop Exchange, The Borough",960,Southwark,,1
423,324,51.49652013,False,-0.101384068,"Ontario Street, Elephant & Castle",1200,Southwark,,1
463,687,51.4954,False,-0.061698585,"Clements Road, Bermondsey",200216,Southwark,,1
499,810,51.50672529,False,-0.098807246,"Tate Modern, Bankside",300237,Southwark,,1
503,61,51.49738251,False,-0.089446947,"Great Dover Street, The Borough",1017,Southwark,,1
504,249,51.49859784,False,-0.096191134,"Harper Road, The Borough",1137,Southwark,,1
516,308,51.49907558,False,-0.085666316,"Long Lane , Bermondsey",1189,Southwark,,1
530,94,51.49506109,False,-0.085814489,"Bricklayers Arms, Borough",1070,Southwark,,1
551,223,51.49148474,False,-0.090220911,"Rodney Road , Walworth",3481,Southwark,,1
562,580,51.48692917,False,-0.102996299,"Doddington Grove, Kennington",200084,Southwark,,1
587,548,51.498386,False,-0.107913,"Westminster Bridge Road, Elephant & Castle",200076,Southwark,,1
590,846,51.48224,False,-0.0942844,"Burgess Park Albany Road, Walworth",300063,Southwark,,1
594,9,51.5073853,False,-0.096440751,"New Globe Walk, Bankside",1015,Southwark,,1
619,125,51.50069491,False,-0.094524319,"Borough High Street, The Borough",996,Southwark,,1
632,156,51.49443626,False,-0.092921165,"New Kent Road, The Borough",966,Southwark,,1
645,645,51.50173215,False,-0.100292412,"Great Suffolk Street, The Borough",200200,Southwark,,1
680,803,51.50540994,False,-0.098341088,"Southwark Street, Bankside",300238,Southwark,,1
684,295,51.50029631,False,-0.092762704,"Swan Street, The Borough",1216,Southwark,,1
694,409,51.493146,False,-0.099828,"Strata, Elephant & Castle",10624,Southwark,,1
696,549,51.49605,False,-0.104193,"Gaywood  Street, Elephant & Castle",200132,Southwark,,1
711,262,51.49874469,False,-0.103132904,"LSBU (Borough Road), Elephant & Castle",1095,Southwark,,1
714,792,51.505461,False,-0.10454093,"Blackfriars Road, Southwark",300214,Southwark,,1
723,195,51.50724437,False,-0.106237501,"Milroy Walk, South Bank",959,Southwark,,1
731,278,51.5034938,False,-0.07962099,"Tooley Street, Bermondsey",1142,Southwark,,1
760,706,51.50215353,False,-0.083632928,"Snowsfields, London Bridge",200193,Southwark,,1
762,317,51.49679128,False,-0.093913472,"Dickens Square, Borough",1208,Southwark,,1
767,844,51.498439,False,-0.049150215,"Canada Water Station, Rotherhithe",300252,Southwark,,1
768,269,51.50082346,False,-0.089740764,"Empire Square, The Borough",1209,Southwark,,1
770,801,51.50522417,False,-0.098031812,"Lavington Street, Bankside",300208,Southwark,,1
775,80,51.50069361,False,-0.102091246,"Webber Street , Southwark",3448,Southwark,,1
777,839,51.508033,False,-0.10682363,"Sea Containers, South Bank",200144,Southwark,,1
785,85,51.50064702,False,-0.078600401,"Tanner Street, Bermondsey",994,Southwark,,1
798,420,51.504043,False,-0.105312,"Southwark Station 1, Southwark",22162,Southwark,,1
1,228,51.50742485,False,-0.134621209,"St. James's Square, St. James's",1067,Westminster,,1
2,229,51.50654321,False,-0.123179697,"Whitehall Place, Strand",1151,Westminster,,1
3,309,51.50963123,False,-0.119047563,"Embankment (Savoy), Strand",1192,Westminster,,1
5,564,51.509943,False,-0.117619,"Somerset House, Strand",200068,Westminster,,1
14,354,51.506767,False,-0.123702,"Northumberland Avenue, Strand",1097,Westminster,,1
25,109,51.51563144,False,-0.132328837,"Soho Square , Soho",1052,Westminster,,1
27,261,51.5134891,False,-0.191351186,"Princes Square, Bayswater",3491,Westminster,,1
28,397,51.51348,False,-0.17977,"Devonshire Terrace, Bayswater",1227,Westminster,,1
31,265,51.51595344,False,-0.169249375,"Southwick Street, Paddington",3490,Westminster,,1
34,188,51.5165179,False,-0.164393768,"Nutford Place, Marylebone",1112,Westminster,,1
37,394,51.524826,False,-0.176268,"Aberdeen Place, St. John's Wood",2698,Westminster,,1
40,47,51.52334476,False,-0.183846408,"Warwick Avenue Station, Maida Vale",1027,Westminster,,1
56,45,51.522511,False,-0.162298,"Boston Place, Marylebone",1035,Westminster,,1
60,238,51.5233534,False,-0.175116099,"Frampton Street, Paddington",1099,Westminster,,1
67,524,51.511654,False,-0.179668,"Lancaster Gate , Bayswater",200017,Westminster,,1
73,367,51.5173721,False,-0.1642075,"Harrowby Street, Marylebone",2680,Westminster,,1
74,182,51.52202903,False,-0.165842551,"Bell Street , Marylebone",1166,Westminster,,1
77,805,51.520509,False,-0.20080483,"The Metropolitan, Portobello",300244,Westminster,,1
78,178,51.48985626,False,-0.141923621,"Warwick Square, Pimlico",3460,Westminster,,1
80,752,51.515117,False,-0.17371276,"London Street, Paddington",300079,Westminster,,1
81,290,51.518268,False,-0.17110323,"St Mary's Hospital, Paddington",3496,Westminster,,1
85,255,51.52557531,False,-0.179592915,"Clifton Road, Maida Vale",1147,Westminster,,1
87,341,51.50810309,False,-0.12602103,"Craven Street, Strand",1160,Westminster,,1
100,245,51.4853572,False,-0.142207481,"Grosvenor Road, Pimlico",1140,Westminster,,1
101,605,51.520331,False,-0.163667,"Seymour Place, Marylebone",200198,Westminster,,1
106,146,51.48836528,False,-0.129361842,"Vauxhall Bridge , Pimlico",1046,Westminster,,1
110,419,51.485821,False,-0.149004,"Chelsea Bridge, Pimlico",22160,Westminster,,1
111,201,51.5225965,False,-0.161113413,"Dorset Square, Marylebone",1162,Westminster,,1
112,396,51.51809,False,-0.163609,"Shouldham Street, Marylebone",2693,Westminster,,1
113,110,51.53304322,False,-0.172528678,"Wellington Road, St. John's Wood",1055,Westminster,,1
114,169,51.51474612,False,-0.165164288,"Porchester Place, Paddington",3477,Westminster,,1
118,208,51.52505151,False,-0.166304359,"Mallory Street, Marylebone",1175,Westminster,,1
119,312,51.53088935,False,-0.176770502,"Grove End Road, St. John's Wood",1130,Westminster,,1
134,330,51.51641749,False,-0.179135079,"Eastbourne Mews, Paddington",1203,Westminster,,1
136,286,51.5272947,False,-0.174653609,"St. John's Wood Road, St. John's Wood",1187,Westminster,,1
138,8,51.529857,False,-0.18348604,"Maida Vale, Maida Vale",3423,Westminster,,1
142,402,51.52289229,False,-0.171681991,"Penfold Street, Marylebone",10625,Westminster,,1
144,224,51.51031,False,-0.18740235,"Queensway, Kensington Gardens",1150,Westminster,,1
150,592,51.5171,False,-0.18377,"Bishop's Bridge Road East, Bayswater",200108,Westminster,,1
153,584,51.51244,False,-0.19096,"Ilchester Gardens, Bayswater",200086,Westminster,,1
159,424,51.490491,False,-0.149186,"Ebury Bridge, Pimlico",22159,Westminster,,1
166,232,51.51501025,False,-0.112753217,"Carey Street, Holborn",1139,Westminster,,1
167,259,51.490959,False,-0.1532331,"Bourne Street, Belgravia",1180,Westminster,,1
168,60,51.52644828,False,-0.172190727,"Lisson Grove, St. John's Wood",1030,Westminster,,1
169,568,51.51616,False,-0.18697,"Bishop's Bridge Road West, Bayswater",200110,Westminster,,1
170,581,51.519167,False,-0.147983,"New Cavendish Street, Marylebone",200005,Westminster,,1
175,29,51.513735,False,-0.193487,"Hereford Road, Bayswater",1016,Westminster,,1
176,267,51.49206037,False,-0.132224622,"Regency Street, Westminster",1155,Westminster,,1
191,426,51.493072,False,-0.129925,"Vincent Street, Pimlico",22161,Westminster,,1
193,733,51.50542628,False,-0.150817316,"Park Lane, Mayfair",300093,Westminster,,1
200,762,51.50070305,False,-0.129698963,"Storey's Gate, Westminster",200202,Westminster,,1
202,176,51.51791921,False,-0.188098863,"Gloucester Terrace, Bayswater",1173,Westminster,,1
205,799,51.49769846,False,-0.137598896,"Kings Gate House, Westminster",300202,Westminster,,1
210,111,51.5100172,False,-0.157275636,"Park Lane , Hyde Park",1037,Westminster,,1
215,191,51.50311799,False,-0.153520935,"Hyde Park Corner, Hyde Park",1075,Westminster,,1
220,410,51.519968,False,-0.169774,"Edgware Road Station, Marylebone",1058,Westminster,,1
221,118,51.49582705,False,-0.13547809,"Rochester Row, Westminster",3457,Westminster,,1
222,185,51.48805753,False,-0.140741432,"Alderney Street, Pimlico",1174,Westminster,,1
225,353,51.49459148,False,-0.134234258,"Greycoat Street , Westminster",10623,Westminster,,1
227,300,51.505014,False,-0.17306032,"Serpentine Car Park, Hyde Park",1217,Westminster,,1
241,243,51.49096258,False,-0.139625122,"Gloucester Street, Pimlico",1103,Westminster,,1
245,153,51.511933,False,-0.174411,"Bayswater Road, Hyde Park",1096,Westminster,,1
254,383,51.51310333,False,-0.13121385,"Frith Street, Soho",2660,Westminster,,1
255,759,51.52456169,False,-0.165668686,"Broadley Terrace, Marylebone",300072,Westminster,,1
258,350,51.50171544,False,-0.179854184,"Queen's Gate, Kensington Gardens",1231,Westminster,,1
267,184,51.52071513,False,-0.14521173,"Portland Place, Marylebone",1164,Westminster,,1
270,283,51.51440928,False,-0.118478757,"Kingsway, Covent Garden",1141,Westminster,,1
271,403,51.51689296,False,-0.158249929,"George Place Mews, Marylebone",10630,Westminster,,1
275,359,51.49782999,False,-0.135440826,"Butler Place, Westminster",2662,Westminster,,1
300,213,51.50274025,False,-0.149569201,"Wellington Arch, Hyde Park",1109,Westminster,,1
305,7,51.53430039,False,-0.1680743,"Charlbert Street, St. John's Wood",3422,Westminster,,1
306,56,51.52058381,False,-0.154701411,"Paddington Street, Marylebone",1033,Westminster,,1
313,167,51.49395092,False,-0.147624377,"Eccleston Place, Victoria",3465,Westminster,,1
320,114,51.52451738,False,-0.158963647,"Park Road (Baker Street), The Regent's Park",1050,Westminster,,1
324,329,51.53589283,False,-0.160854428,"Prince Albert Road, The Regent's Park",2636,Westminster,,1
341,28,51.52351808,False,-0.143613641,"Bolsover Street, Fitzrovia",1025,Westminster,,1
361,82,51.514274,False,-0.111257,"Chancery Lane, Holborn",3453,Westminster,,1
363,49,51.50706909,False,-0.145904427,"Curzon Street, Mayfair",3437,Westminster,,1
364,148,51.49211134,False,-0.138364847,"Tachbrook Street, Victoria",965,Westminster,,1
365,315,51.52536703,False,-0.153463612,"The Tennis Courts, The Regent's Park",1199,Westminster,,1
366,386,51.51352755,False,-0.130110822,"Moor Street, Soho",3504,Westminster,,1
369,129,51.5118973,False,-0.137043852,"Golden Square, Soho",3451,Westminster,,1
378,177,51.49616092,False,-0.140947636,"Ashley Place, Victoria",1122,Westminster,,1
379,279,51.51862243,False,-0.176645823,"North Wharf Road, Paddington",1108,Westminster,,1
390,165,51.517932,False,-0.183716959,"Orsett Terrace, Bayswater",2585,Westminster,,1
392,186,51.51733558,False,-0.175810943,"South Wharf Road, Paddington",1167,Westminster,,1
393,294,51.488226,False,-0.135635511,"St. George's Square, Pimlico",1195,Westminster,,1
394,528,51.507326,False,-0.145827,"Clarges Street, Mayfair",200088,Westminster,,1
396,43,51.52026,False,-0.157183945,"Crawford Street, Marylebone",1036,Westminster,,1
397,260,51.5136846,False,-0.135580879,"Broadwick Street, Soho",3489,Westminster,,1
398,281,51.49580589,False,-0.127575233,"Smith Square, Westminster",3480,Westminster,,1
400,124,51.49654462,False,-0.150905245,"Eaton Square, Belgravia",1069,Westminster,,1
402,190,51.48997562,False,-0.132845681,"Rampayne Street, Pimlico",1106,Westminster,,1
411,590,51.53256,False,-0.16862,"Greenberry Street, St.John's Wood",200236,Westminster,,1
424,147,51.51494305,False,-0.11614642,"Portugal Street, Holborn",3456,Westminster,,1
425,164,51.515607,False,-0.183118788,"Cleveland Gardens, Bayswater",1178,Westminster,,1
426,192,51.51251523,False,-0.133201961,"Wardour Street, Soho",1163,Westminster,,1
427,306,51.51816295,False,-0.135025698,"Rathbone Street, Fitzrovia",3497,Westminster,,1
428,389,51.51013066,False,-0.155757901,"Upper Grosvenor Street, Mayfair",10621,Westminster,,1
431,242,51.52200801,False,-0.151359288,"Beaumont Street, Marylebone",3482,Westminster,,1
447,388,51.51070161,False,-0.121723604,"Southampton Street, Strand",1228,Westminster,,1
450,161,51.49234577,False,-0.141334487,"Guildhouse Street, Victoria",3478,Westminster,,1
451,292,51.49888404,False,-0.165471605,"Montpelier Street, Knightsbridge",1206,Westminster,,1
458,583,51.49764,False,-0.12597218,"Abingdon Green, Westminster",200231,Westminster,,1
464,363,51.5291212,False,-0.171185285,"Lord's, St. John's Wood",2665,Westminster,,1
472,248,51.50645179,False,-0.170279555,"Triangle Car Park, Hyde Park",1088,Westminster,,1
476,256,51.51362054,False,-0.116764211,"Houghton Street, Strand",3484,Westminster,,1
477,289,51.50923022,False,-0.151296092,"South Audley Street, Mayfair",3493,Westminster,,1
479,382,51.50935171,False,-0.14744969,"Farm Street, Mayfair",2678,Westminster,,1
481,221,51.49481649,False,-0.13045856,"Horseferry Road, Westminster",1170,Westminster,,1
482,257,51.52248185,False,-0.154907218,"Westminster University, Marylebone",1194,Westminster,,1
483,646,51.49886563,False,-0.137424571,"Buckingham Gate, Westminster",200178,Westminster,,1
485,370,51.520205,False,-0.174593,"Paddington Green, Paddington",2670,Westminster,,1
487,106,51.51410514,False,-0.147301667,"Woodstock Street, Mayfair",1042,Westminster,,1
496,105,51.51552971,False,-0.190240716,"Westbourne Grove, Bayswater",1041,Westminster,,1
507,99,51.51457763,False,-0.158264483,"Old Quebec Street, Marylebone",1085,Westminster,,1
510,180,51.5129118,False,-0.153645496,"North Audley Street, Mayfair",1126,Westminster,,1
513,207,51.50135267,False,-0.153194766,"Grosvenor Crescent, Belgravia",1169,Westminster,,1
515,299,51.49398524,False,-0.136928582,"Vincent Square, Westminster",1196,Westminster,,1
538,348,51.51217033,False,-0.150481272,"Grosvenor Square, Mayfair",10627,Westminster,,1
539,391,51.51066202,False,-0.142345694,"Clifford Street, Mayfair",2688,Westminster,,1
540,514,51.516204,False,-0.155525,"Portman Square, Marylebone",200008,Westminster,,1
541,79,51.511726,False,-0.11385596,"Arundel Street, Temple",3455,Westminster,,1
543,325,51.50908747,False,-0.129697889,"St. Martin's Street, West End",1158,Westminster,,1
544,349,51.51196,False,-0.142783033,"St. George Street, Mayfair",1221,Westminster,,1
561,271,51.53583617,False,-0.156285395,"London Zoo,  The Regent's Park",1136,Westminster,,1
565,6,51.51811784,False,-0.144228881,"Broadcasting House, Marylebone",3424,Westminster,,1
566,53,51.5099923,False,-0.143495266,"Grafton Street, Mayfair",3431,Westminster,,1
567,318,51.51004801,False,-0.138846453,"Sackville Street, Mayfair",1197,Westminster,,1
568,373,51.49980661,False,-0.176415994,"Prince Consort Road, Knightsbridge",3499,Westminster,,1
572,81,51.52025302,False,-0.141327271,"Great Titchfield Street, Fitzrovia",3450,Westminster,,1
573,160,51.50663341,False,-0.131773845,"Waterloo Place, St. James's",3458,Westminster,,1
574,380,51.50686435,False,-0.150666888,"Stanhope Gate, Mayfair",3506,Westminster,,1
579,376,51.49188409,False,-0.125674815,"Millbank Tower, Pimlico",2683,Westminster,,1
586,64,51.50946212,False,-0.124749274,"William IV Street, Strand",1028,Westminster,,1
588,360,51.49675303,False,-0.138733562,"Howick Place, Westminster",2666,Westminster,,1
591,291,51.48483991,False,-0.138089062,"Claverton Street, Pimlico",1135,Westminster,,1
595,138,51.51227622,False,-0.157436972,"Green Street, Mayfair",3464,Westminster,,1
615,428,51.499917,False,-0.174554,"Exhibition Road, Knightsbridge",22179,Westminster,,1
617,83,51.50963938,False,-0.131510949,"Panton Street, West End",3452,Westminster,,1
618,116,51.51449962,False,-0.141423695,"Little Argyll Street, West End",995,Westminster,,1
620,181,51.49941247,False,-0.152317537,"Belgrave Square, Belgravia",3473,Westminster,,1
621,210,51.51681444,False,-0.151926305,"Hinde Street, Marylebone",3476,Westminster,,1
625,121,51.51891348,False,-0.156166631,"Baker Street, Marylebone",1086,Westminster,,1
630,108,51.49812559,False,-0.132102166,"Abbey Orchard Street, Westminster",3429,Westminster,,1
636,222,51.50275704,False,-0.155349725,"Knightsbridge, Hyde Park",1101,Westminster,,1
639,44,51.51073687,False,-0.144165239,"Bruton Street, Mayfair",1034,Westminster,,1
641,316,51.497998,False,-0.14296064,"Warwick Row, Westminster",968,Westminster,,1
642,392,51.49942855,False,-0.179702476,"Imperial College, Knightsbridge",1220,Westminster,,1
647,558,51.493978,False,-0.127554,"Page Street, Westminster",200048,Westminster,,1
659,233,51.50777049,False,-0.130699733,"Pall Mall East, West End",1153,Westminster,,1
679,258,51.50143293,False,-0.178656971,"Kensington Gore, Knightsbridge",1193,Westminster,,1
689,268,51.49320445,False,-0.144132875,"Belgrave Road, Victoria",1087,Westminster,,1
690,594,51.513875,False,-0.117774,"Kingsway Southbound, Strand",200226,Westminster,,1
698,226,51.50844614,False,-0.131961389,"Charles II Street, West End",3488,Westminster,,1
699,301,51.51475963,False,-0.148105415,"Marylebone Lane, Marylebone",1152,Westminster,,1
700,311,51.51918144,False,-0.140485596,"Foley Street, Fitzrovia",3494,Westminster,,1
701,338,51.51175646,False,-0.119643424,"Wellington Street , Strand",1202,Westminster,,1
704,320,51.49357351,False,-0.139956043,"Queen Mother Sports Centre, Victoria",1148,Westminster,,1
708,826,51.496863,False,-0.1429434,"Allington Street, Victoria",300242,Westminster,,1
732,400,51.517703,False,-0.154106,"George Street, Marylebone",1225,Westminster,,1
735,818,51.501513,False,-0.12382322,"Westminster Pier, Westminster",300249,Westminster,,1
736,541,51.506613,False,-0.142844,"Green Park Station, Mayfair",200096,Westminster,,1
747,366,51.5109193,False,-0.151126385,"Millennium Hotel, Mayfair",1230,Westminster,,1
749,141,51.51530805,False,-0.147203711,"Chapel Place, Marylebone",1003,Westminster,,1
759,423,51.49456127,False,-0.15393398,"Eaton Square (South), Belgravia",22164,Westminster,,1
766,288,51.49236962,False,-0.147478734,"Elizabeth Bridge, Victoria",1138,Westminster,,1
773,313,51.51734403,False,-0.138072691,"Wells Street, Fitzrovia",3495,Westminster,,1
794,247,51.530529,False,-0.167515,"St. John's Wood Church, The Regent's Park",1091,Westminster,,1
796,303,51.50295379,False,-0.158456089,"Albert Gate, Hyde Park",1132,Westminster,,1
797,174,51.512582,False,-0.1150573,"Strand, Strand",1100,Westminster,,1
8,551,51.505772,False,-0.016460175,"Import Dock, Canary Wharf",200066,Tower Hamlets,,1
29,451,51.504719,False,-0.063531,"Hermitage Court, Wapping",200021,Tower Hamlets,,1
32,459,51.535179,False,-0.03338,"Gunmakers Lane, Old Ford",200014,Tower Hamlets,,1
39,721,51.53603947,False,-0.026262677,"Wendon Street, Old Ford",300039,Tower Hamlets,,1
42,471,51.533283,False,-0.028155,"Hewison Street, Old Ford",200006,Tower Hamlets,,1
45,520,51.526041,False,-0.047218,"Bancroft Road, Bethnal Green",200234,Tower Hamlets,,1
46,531,51.530326,False,-0.042744,"Twig Folly Bridge, Mile End",200167,Tower Hamlets,,1
63,503,51.520893,False,-0.051394,"Cleveland Way, Stepney",200250,Tower Hamlets,,1
72,46,51.507131,False,-0.06691,"Nesham Street, Wapping",1031,Tower Hamlets,,1
76,537,51.51793,False,-0.067937,"Old Montague Street, Whitechapel",200239,Tower Hamlets,,1
79,521,51.534137,False,-0.037366,"Driffield Road, Old Ford",200030,Tower Hamlets,,1
97,458,51.504749,False,-0.057544,"Wapping Lane, Wapping",200034,Tower Hamlets,,1
104,518,51.528224,False,-0.037471,"Antill Road, Mile End",200041,Tower Hamlets,,1
121,488,51.506946,False,-0.058681,"Reardon Street, Wapping",22176,Tower Hamlets,,1
122,692,51.54211855,False,-0.028941601,"Cadogan Close, Victoria Park",200112,Tower Hamlets,,1
123,484,51.528828,False,-0.013258,"Bromley High Street, Bow",22172,Tower Hamlets,,1
129,552,51.511542,False,-0.056667,"Watney Street, Shadwell",200149,Tower Hamlets,,1
133,483,51.51328,False,-0.047784,"Albert Gardens, Stepney",22166,Tower Hamlets,,1
140,200,51.51492456,False,-0.066078037,"LMU Commercial Road, Whitechapel",1105,Tower Hamlets,,1
145,565,51.521905,False,-0.063386,"Selby Street, Whitechapel",200135,Tower Hamlets,,1
151,502,51.53341,False,-0.049591815,"Bonner Gate, Victoria Park",200241,Tower Hamlets,,1
155,783,51.5403115,False,-0.021630359,"Monier Road, Hackney Wick",300213,Tower Hamlets,,1
160,586,51.490645,False,-0.014582,"Mudchute DLR, Cubitt Town",200092,Tower Hamlets,,1
162,511,51.511066,False,-0.053558,"Sutton Street, Shadwell",200256,Tower Hamlets,,1
186,495,51.528169,False,-0.018703,"Bow Church Station, Bow",200252,Tower Hamlets,,1
192,467,51.523538,False,-0.030556,"Southern Grove, Bow",200168,Tower Hamlets,,1
195,722,51.52458353,False,-0.058631453,"Finnis Street, Bethnal Green",300041,Tower Hamlets,,1
198,478,51.521889,False,-0.04667,"Stepney Green Station, Stepney",200012,Tower Hamlets,,1
204,444,51.52568,False,-0.055312,"Bethnal Green Garden, Bethnal Green",200047,Tower Hamlets,,1
218,500,51.520019,False,-0.05438,"Ansell House, Stepney",200148,Tower Hamlets,,1
223,554,51.513548,False,-0.005659,"Aberfeldy Street, Poplar",200078,Tower Hamlets,,1
231,479,51.527152,False,-0.058005,"Pott Street, Bethnal Green",200156,Tower Hamlets,,1
235,561,51.518369,False,-0.043371,"Rectory Square, Stepney",200037,Tower Hamlets,,1
273,455,51.49447,False,-0.014409,"East Ferry Road, Cubitt Town",200031,Tower Hamlets,,1
276,517,51.532513,False,-0.033085,"Ford Road, Old Ford",200027,Tower Hamlets,,1
280,550,51.521564,False,-0.039264,"Harford Street, Mile End",200102,Tower Hamlets,,1
281,576,51.497304,False,-0.022793,"Alpha Grove, Millwall",200109,Tower Hamlets,,1
289,450,51.515975,False,-0.053177,"Jubilee Street, Stepney",200002,Tower Hamlets,,1
297,504,51.496454,False,-0.009506,"St. John's Park, Cubitt Town",200243,Tower Hamlets,,1
298,475,51.499041,False,-0.020157,"Lightermans Road, Millwall",200004,Tower Hamlets,,1
302,470,51.530535,False,-0.025492,"Mostyn Grove, Bow",200174,Tower Hamlets,,1
309,33,51.515231,False,-0.07015,"Central House, Aldgate",3430,Tower Hamlets,,1
315,473,51.496137,False,-0.019355,"Millharbour, Millwall",22167,Tower Hamlets,,1
328,497,51.526578,False,-0.027581,"Merchant Street, Bow",200242,Tower Hamlets,,1
329,556,51.502661,False,-0.021596,"Heron Quays DLR, Canary Wharf",200138,Tower Hamlets,,1
330,445,51.52388,False,-0.065076,"Cheshire Street, Bethnal Green",200003,Tower Hamlets,,1
340,516,51.5112,False,-0.014438,"Chrisp Street Market, Poplar",200089,Tower Hamlets,,1
343,134,51.504904,False,-0.06797,"Wapping High Street, Wapping",1039,Tower Hamlets,,1
344,577,51.528869,False,-0.047548,"Globe Town Market, Bethnal Green",200247,Tower Hamlets,,1
348,468,51.521564,False,-0.022694,"Cantrell Road, Bow",200150,Tower Hamlets,,1
349,702,51.52868155,False,-0.065550321,"Durant Street, Bethnal Green",200213,Tower Hamlets,,1
356,542,51.514115,False,-0.033828,"Salmon Lane, Limehouse",200147,Tower Hamlets,,1
362,40,51.52127071,False,-0.0755789,"Commercial Street, Shoreditch",1083,Tower Hamlets,,1
371,530,51.508896,False,-0.012413,"Newby Place, Poplar",200146,Tower Hamlets,,1
375,453,51.508447,False,-0.055167,"Garnet Street, Shadwell",200045,Tower Hamlets,,1
381,505,51.520398,False,-0.026768,"Ackroyd Drive, Bow",200038,Tower Hamlets,,1
387,498,51.527058,False,-0.025296,"Bow Road Station, Bow",200251,Tower Hamlets,,1
388,447,51.493381,False,-0.007542,"Jubilee Crescent, Cubitt Town",200054,Tower Hamlets,,1
403,472,51.529452,False,-0.027616,"Malmesbury Road, Bow",200019,Tower Hamlets,,1
408,401,51.528187,False,-0.075375,"Columbia Road, Shoreditch",2701,Tower Hamlets,,1
432,501,51.522561,False,-0.054883,"Cephas Street, Bethnal Green",200073,Tower Hamlets,,1
443,522,51.525941,False,-0.036017,"Clinton Road, Mile End",200161,Tower Hamlets,,1
444,486,51.525645,False,-0.069543,"Granby Street, Shoreditch",22174,Tower Hamlets,,1
445,469,51.513757,False,-0.020467,"Lindfield Street, Poplar",22178,Tower Hamlets,,1
454,508,51.519362,False,-0.074431,"Fournier Street, Whitechapel",200157,Tower Hamlets,,1
466,716,51.51542791,False,-0.02356501,"Stainsby Road , Poplar",300048,Tower Hamlets,,1
469,464,51.51417,False,-0.052099,"St. Mary & St. Michael Church, Stepney",200082,Tower Hamlets,,1
473,519,51.518811,False,-0.011662,"Teviot Street, Poplar",200254,Tower Hamlets,,1
474,763,51.52059714,False,-0.032566533,"Mile End Park Leisure Centre, Mile End",300027,Tower Hamlets,,1
493,452,51.505697,False,-0.070542,"St. Katharine's Way, Tower",200049,Tower Hamlets,,1
498,237,51.50978602,False,-0.068161981,"Dock Street, Wapping",3467,Tower Hamlets,,1
500,507,51.528692,False,-0.059091,"Clarkson Street, Bethnal Green",200131,Tower Hamlets,,1
518,715,51.51563007,False,-0.049067243,"Aylward Street, Stepney",300049,Tower Hamlets,,1
520,487,51.511811,False,-0.025626,"Canton Street, Poplar",22175,Tower Hamlets,,1
521,506,51.517475,False,-0.075855,"Bell Lane, Liverpool Street",200036,Tower Hamlets,,1
522,523,51.51549,False,-0.013475,"Langdon Park, Poplar",200160,Tower Hamlets,,1
527,322,51.526293,False,-0.073955,"Palissy Street, Shoreditch",3502,Tower Hamlets,,1
528,563,51.499286,False,-0.009152,"Preston's Road, Cubitt Town",200232,Tower Hamlets,,1
533,512,51.532091,False,-0.06142,"Pritchard's Road, Bethnal Green",200083,Tower Hamlets,,1
548,454,51.487679,False,-0.021582,"Napier Avenue, Millwall",200046,Tower Hamlets,,1
555,461,51.516,False,-0.038775,"Aston Street, Stepney",200013,Tower Hamlets,,1
558,443,51.515256,False,-0.058641,"Philpot Street, Whitechapel",200033,Tower Hamlets,,1
564,532,51.50357,False,-0.020068,"Jubilee Plaza, Canary Wharf",200163,Tower Hamlets,,1
580,485,51.531127,False,-0.048017,"Old Ford Road, Bethnal Green",22173,Tower Hamlets,,1
582,480,51.5128711,False,-0.0389866,"Flamborough Street, Limehouse",200115,Tower Hamlets,,1
589,526,51.503143,False,-0.008428,"Lancaster Drive, Blackwall",200143,Tower Hamlets,,1
604,712,51.51854104,False,-0.034903714,"Mile End Stadium, Mile End",300056,Tower Hamlets,,1
613,492,51.525501,False,-0.032267204,"Maplin Street, Mile End",200230,Tower Hamlets,,1
633,449,51.511088,False,-0.057159,"Shadwell Station, Shadwell",200020,Tower Hamlets,,1
635,510,51.509303,False,-0.025996,"Westferry DLR, Limehouse",200238,Tower Hamlets,,1
643,538,51.508981,False,-0.00699,"Naval Row, Blackwall",200050,Tower Hamlets,,1
662,130,51.50950627,False,-0.075459482,"Tower Gardens , Tower",1071,Tower Hamlets,,1
666,446,51.528936,False,-0.055894,"York Hall, Bethnal Green",200042,Tower Hamlets,,1
675,477,51.49109,False,-0.018716,"Spindrift Avenue, Millwall",200018,Tower Hamlets,,1
676,811,51.50570304,False,-0.027772743,"Westferry Circus, Canary Wharf",300228,Tower Hamlets,,1
677,496,51.52512,False,-0.015578,"Devons Road, Bow",200255,Tower Hamlets,,1
695,491,51.522507,False,-0.041378,"Queen Mary's, Mile End",200249,Tower Hamlets,,1
702,399,51.52261762,False,-0.071653961,"Brick Lane Market, Shoreditch",2687,Tower Hamlets,,1
710,251,51.518908,False,-0.079249,"Brushfield Street, Liverpool Street",1161,Tower Hamlets,,1
712,206,51.518154,False,-0.062697,"New Road 1 , Whitechapel",1171,Tower Hamlets,,1
713,390,51.521776,False,-0.068856,"Buxton Street 1, Shoreditch",1223,Tower Hamlets,,1
716,547,51.509474,False,-0.002275,"East India DLR, Blackwall",200127,Tower Hamlets,,1
726,499,51.519265,False,-0.021345,"Furze Green, Bow",200011,Tower Hamlets,,1
727,570,51.503083,False,-0.017676,"Upper Bank Street, Canary Wharf",200099,Tower Hamlets,,1
738,476,51.489096,False,-0.009205,"Stebondale Street, Cubitt Town",200009,Tower Hamlets,,1
739,236,51.51838043,False,-0.073438925,"Fashion Street, Whitechapel",3483,Tower Hamlets,,1
744,490,51.508622,False,-0.065006,"Pennington Street, Wapping",200090,Tower Hamlets,,1
752,481,51.487129,False,-0.0090011,"Saunders Ness Road, Cubitt Town",200022,Tower Hamlets,,1
753,202,51.51236389,False,-0.06954201,"Leman Street, Aldgate",1102,Tower Hamlets,,1
763,578,51.527607,False,-0.057133,"Hollybush Gardens, Bethnal Green",200244,Tower Hamlets,,1
771,533,51.528222,False,-0.069743,"Wellington Row, Bethnal Green",200165,Tower Hamlets,,1
772,132,51.52364804,False,-0.074754872,"Bethnal Green Road, Shoreditch",973,Tower Hamlets,,1
778,460,51.516196,False,-0.029138,"Burdett Road, Mile End",200123,Tower Hamlets,,1
784,448,51.50623,False,-0.02296,"Fisherman's Walk West, Canary Wharf",22165,Tower Hamlets,,1
786,513,51.5142228,False,-0.055656,"Watney Market, Stepney",200162,Tower Hamlets,,1
790,494,51.50196,False,-0.016251,"South Quay East, Canary Wharf",200233,Tower Hamlets,,1
793,282,51.518675,False,-0.06111,"Royal London Hospital, Whitechapel",1077,Tower Hamlets,,1
795,115,51.51423368,False,-0.073537654,"Braham Street, Aldgate",1062,Tower Hamlets,,1
4,427,51.51397065,False,-0.09294031,"Cheapside, Bank",22180,City of London,,1
6,579,51.511246,False,-0.093051,"Queen Street 2, Bank",200128,City of London,,1
21,215,51.51906932,False,-0.088285377,"Moorfields, Moorgate",1092,City of London,,1
141,95,51.5208417,False,-0.097340162,"Aldersgate Street, Barbican",1065,City of London,,1
152,546,51.517428,False,-0.107987,"New Fetter Lane, Holborn",200044,City of London,,1
165,393,51.51733427,False,-0.103604248,"Snow Hill, Farringdon",2699,City of London,,1
207,842,51.510981,False,-0.10832249,"Temple Gardens, Temple",300250,City of London,,1
209,54,51.52174785,False,-0.094475072,"Golden Lane, Barbican",967,City of London,,1
307,340,51.51444134,False,-0.087587447,"Bank of England Museum, Bank",1201,City of London,,1
314,275,51.52004497,False,-0.092176447,"Barbican Centre, Barbican",1191,City of London,,1
317,112,51.51580998,False,-0.105270275,"Stonecutter Street, Holborn",1061,City of London,,1
367,127,51.51700801,False,-0.09388536,"Wood Street, Guildhall",1063,City of London,,1
475,203,51.51821864,False,-0.100791005,"West Smithfield Rotunda, Farringdon",1040,City of London,,1
494,48,51.51248445,False,-0.099141408,"Godliman Street, St. Paul's",971,City of London,,1
495,838,51.518093,False,-0.0914017,"Fore Street Avenue, Guildhall",300222,City of London,,1
502,55,51.51707521,False,-0.086685542,"Finsbury Circus, Liverpool Street",984,City of London,,1
506,87,51.51646835,False,-0.079684557,"Devonshire Square, Liverpool Street",3438,City of London,,1
508,217,51.51615461,False,-0.082422399,"Wormwood Street, Liverpool Street",2587,City of London,,1
509,120,51.51573534,False,-0.093080779,"The Guildhall, Guildhall",1044,City of London,,1
536,659,51.511934,False,-0.10307894,"Blackfriars Station, St. Paul's",200212,City of London,,1
537,102,51.51340693,False,-0.076793375,"Jewry Street, Aldgate",1045,City of London,,1
578,276,51.50930161,False,-0.084985356,"Lower Thames Street, Monument",1098,City of London,,1
584,703,51.51505991,False,-0.10534448,"St. Bride Street, Holborn",200094,City of London,,1
598,509,51.517842,False,-0.090075,"Fore Street, Guildhall",200253,City of London,,1
609,773,51.511891,False,-0.107349,"Tallis Street, Temple",300096,City of London,,1
616,557,51.51601,False,-0.0985,"King Edward Street, St Pauls",200203,City of London,,1
624,101,51.51155322,False,-0.0929401,"Queen Street 1, Bank",999,City of London,,1
626,587,51.50964,False,-0.08497,"Monument Street, Monument",200101,City of London,,1
640,263,51.51422502,False,-0.080660083,"St. Mary Axe, Aldgate",1184,City of London,,1
663,84,51.51593725,False,-0.111778348,"Breams Buildings, Holborn",3449,City of London,,1
678,122,51.52111369,False,-0.078869751,"Norton Folgate, Liverpool Street",1068,City of London,,1
681,199,51.51048489,False,-0.082989638,"Great Tower Street, Monument",1080,City of London,,1
691,71,51.5154186,False,-0.098850915,"Newgate Street , St. Paul's",1074,City of London,,1
719,835,51.516785,False,-0.10494775,"Farringdon Street, Holborn",300220,City of London,,1
740,27,51.51382102,False,-0.107927706,"Bouverie Street, Temple",1021,City of London,,1
757,779,51.514449,False,-0.077178979,"Houndsditch, Aldgate",200072,City of London,,1
761,136,51.51196176,False,-0.097441687,"Queen Victoria Street, St. Paul's",1048,City of London,,1
779,104,51.51159481,False,-0.077121322,"Crosswall, Tower",991,City of London,,1
781,126,51.51782144,False,-0.096496865,"Museum of London, Barbican",1043,City of London,,1
0,12,51.52168078,False,-0.130431727,"Malet Street, Bloomsbury",980,Camden,,2
23,14,51.52994371,False,-0.123616824,"Belgrove Street , King's Cross",1011,Camden,,2
95,798,51.53019988,False,-0.122299441,"Birkenhead Street, King's Cross",300212,Camden,,2
115,604,51.538792,False,-0.138535,"St Martins Close, Camden Town",200195,Camden,,2
149,89,51.5262503,False,-0.123509611,"Tavistock Place, Bloomsbury",3439,Camden,,2
161,433,51.524564,False,-0.116279,"Wren Street, Holborn",22169,Camden,,2
164,462,51.541603,False,-0.138853,"Bonny Street, Camden Town",200105,Camden,,2
173,16,51.52635795,False,-0.125979294,"Cartwright Gardens , Bloomsbury",1010,Camden,,2
174,26,51.52728093,False,-0.11829517,"Ampton Street , Clerkenwell",1019,Camden,,2
187,131,51.53300545,False,-0.136792671,"Eversholt Street , Camden Town",1005,Camden,,2
208,68,51.52059681,False,-0.116688468,"Theobald's Road , Holborn",975,Camden,,2
230,713,51.54100708,False,-0.14326094,"Hawley Crescent, Camden Town",200122,Camden,,2
232,76,51.52559505,False,-0.144083893,"Longford Street, The Regent's Park",976,Camden,,2
253,23,51.51943538,False,-0.119123345,"Red Lion Square, Holborn",3421,Camden,,2
261,836,51.541596,False,-0.12544145,"York Way, Kings Cross",300235,Camden,,2
263,457,51.542138,False,-0.145393,"Castlehaven Road, Camden Town",200016,Camden,,2
295,796,51.524,False,-0.12640984,"Coram Street, Bloomsbury",300201,Camden,,2
308,65,51.52522753,False,-0.13518856,"Gower Place , Euston",969,Camden,,2
323,69,51.5262363,False,-0.134407652,"Euston Road, Euston",983,Camden,,2
352,15,51.51772703,False,-0.127854211,"Great Russell Street, Bloomsbury",988,Camden,,2
353,67,51.51882555,False,-0.108028472,"Hatton Garden, Holborn",985,Camden,,2
380,18,51.51477076,False,-0.12221963,"Drury Lane, Covent Garden",1007,Camden,,2
383,797,51.5293,False,-0.12827903,"Ossulston Street, Somers Town",300211,Camden,,2
414,809,51.51627788,False,-0.118272992,"Lincoln's Inn Fields, Holborn",300240,Camden,,2
416,572,51.539099,False,-0.141728,"Greenland Road, Camden Town",200026,Camden,,2
421,98,51.52554222,False,-0.138231303,"Hampstead Road, Euston",972,Camden,,2
434,535,51.537349,False,-0.147154,"Gloucester Avenue, Camden Town",200145,Camden,,2
440,793,51.528279,False,-0.11955857,"Cromer Street, Bloomsbury",300205,Camden,,2
442,795,51.527068,False,-0.13186102,"Euston Square Gardens, Euston",300203,Camden,,2
446,381,51.51953043,False,-0.13577731,"Charlotte Street, Fitzrovia",2669,Camden,,2
465,372,51.515208,False,-0.117863,"Sardinia Street, Holborn",2649,Camden,,2
480,34,51.5341235,False,-0.129386874,"Pancras Road, King's Cross",3428,Camden,,2
519,287,51.52367314,False,-0.128377673,"Bedford Way, Bloomsbury",1156,Camden,,2
523,545,51.539957,False,-0.145246,"Arlington Road, Camden Town",200070,Camden,,2
542,244,51.51611887,False,-0.128585022,"Earnshaw Street , Covent Garden",1145,Camden,,2
545,22,51.5222641,False,-0.114079481,"Northington Street , Holborn",3425,Camden,,2
554,17,51.5216612,False,-0.109006325,"Hatton Wall, Holborn",1008,Camden,,2
556,90,51.53301907,False,-0.139174593,"Harrington Square 1, Camden Town",1038,Camden,,2
560,214,51.52683806,False,-0.130504336,"Endsleigh Gardens, Euston",1079,Camden,,2
592,343,51.53692216,False,-0.150181444,"London Zoo Car Park, The Regent's Park",1188,Camden,,2
599,162,51.51760685,False,-0.121328408,"Southampton Place, Holborn",1123,Camden,,2
605,4,51.53005939,False,-0.120973687,"St. Chad's Street, King's Cross",1013,Camden,,2
614,358,51.516226,False,-0.124826,"High Holborn , Covent Garden",1229,Camden,,2
628,751,51.51612862,False,-0.120909408,"Newton Street, Covent Garden",300074,Camden,,2
629,20,51.527326,False,-0.13605286,"Drummond Street , Euston",993,Camden,,2
638,13,51.51991453,False,-0.136039674,"Scala Street, Fitzrovia",970,Camden,,2
644,562,51.51746,False,-0.12335,"Bury Place, Holborn",200074,Camden,,2
655,24,51.51908011,False,-0.124678402,"British Museum, Bloomsbury",981,Camden,,2
661,11,51.52395143,False,-0.122502346,"Brunswick Square, Bloomsbury",1022,Camden,,2
665,239,51.52443845,False,-0.138019439,"Warren Street Station, Euston",1090,Camden,,2
667,540,51.528302,False,-0.144466,"Albany Street, The Regent's Park",200134,Camden,,2
674,436,51.51824,False,-0.11655,"Red Lion Street, Holborn",22171,Camden,,2
686,804,51.53466774,False,-0.125078653,"Good's Way, King's Cross",300243,Camden,,2
715,25,51.5288338,False,-0.132250369,"Doric Way , Somers Town",1004,Camden,,2
717,88,51.51858757,False,-0.132053392,"Bayley Street , Bloomsbury",1006,Camden,,2
722,19,51.52505093,False,-0.131161087,"Taviton Street, Bloomsbury",1009,Camden,,2
729,77,51.52341837,False,-0.124121774,"Russell Square Station, Bloomsbury",978,Camden,,2
734,806,51.53724056,False,-0.124807386,"Handyside Street, King's Cross",300241,Camden,,2
741,66,51.51795029,False,-0.108657431,"Holborn Circus, Holborn",982,Camden,,2
756,362,51.536264,False,-0.133952,"Royal College Street, Camden Town",2686,Camden,,2
776,357,51.520994,False,-0.139016,"Howland Street, Fitzrovia",2691,Camden,,2
782,456,51.538071,False,-0.144664,"Parkway, Camden Town",200118,Camden,,2
787,57,51.52334672,False,-0.120202614,"Guilford Street , Bloomsbury",974,Camden,,2
788,364,51.519572,False,-0.13214036,"Store Street, Bloomsbury",3507,Camden,,2
9,789,51.538718,False,-0.011889482,"Podium, Queen Elizabeth Olympic Park",300021,Newham,,2
20,785,51.54094,False,-0.010510565,"Aquatic Centre, Queen Elizabeth Olympic Park",300233,Newham,,2
135,784,51.546326,False,-0.00993526,"East Village, Queen Elizabeth Olympic Park",300200,Newham,,2
214,787,51.546805,False,-0.01469126,"Timber Lodge, Queen Elizabeth Olympic Park",300227,Newham,,2
420,786,51.549369,False,-0.015717614,"Lee Valley VeloPark, Queen Elizabeth Olympic Park",300029,Newham,,2
737,790,51.541793,False,-0.00481,"Stratford Station, Stratford",300234,Newham,,2
12,39,51.5263778,False,-0.078130921,"Shoreditch High Street, Shoreditch",3445,Hackney,,2
59,253,51.53404294,False,-0.086379717,"Shoreditch Park, Hoxton",1051,Hackney,,2
66,749,51.53932857,False,-0.074284675,"Haggerston Road, Haggerston",300081,Hackney,,2
68,699,51.5366541,False,-0.07023031,"Belford House, Haggerston",200057,Hackney,,2
98,465,51.53558,False,-0.08249,"Pitfield Street North,Hoxton",200152,Hackney,,2
99,812,51.54873119,False,-0.022606555,"Here East North, Queen Elizabeth Olympic Park",300217,Hackney,,2
120,463,51.534776,False,-0.071881,"Thurtle Road, Haggerston",200093,Hackney,,2
126,748,51.53727795,False,-0.079201849,"Hertford Road, De Beauvoir Town",300092,Hackney,,2
137,698,51.53908372,False,-0.070329419,"Shoreditch Court, Haggerston",200121,Hackney,,2
154,328,51.53114,False,-0.086016,"New North Road 2, Hoxton",2641,Hackney,,2
157,42,51.53099181,False,-0.093903825,"Wenlock Road , Hoxton",979,Hackney,,2
163,719,51.53642464,False,-0.054162264,"Victoria Park Road, Hackney Central",300011,Hackney,,2
184,31,51.52953709,False,-0.083353323,"Fanshaw Street, Hoxton",3427,Hackney,,2
238,30,51.52915444,False,-0.093421615,"Windsor Terrace, Hoxton",1029,Hackney,,2
239,553,51.535678,False,-0.062546,"Regent's Row , Haggerston",200064,Hackney,,2
262,63,51.53089041,False,-0.089782579,"Murray Grove , Hoxton",989,Hackney,,2
265,569,51.53213,False,-0.08299,"Pitfield Street Central, Hoxton",200248,Hackney,,2
319,614,51.54119,False,-0.058826101,"London Fields, Hackney Central",200025,Hackney,,2
321,539,51.531091,False,-0.075901,"Hoxton Station, Hoxton",200151,Hackney,,2
325,408,51.520009,False,-0.083935724,"Sun Street, Liverpool Street",1129,Hackney,,2
331,788,51.544909,False,-0.0205426,"Copper Box Arena, Queen Elizabeth Olympic Park",300226,Hackney,,2
354,816,51.54653279,False,-0.02059759,"Here East South, Queen Elizabeth Olympic Park",300219,Hackney,,2
407,323,51.523196,False,-0.083067,"Clifton Street, Shoreditch",3501,Hackney,,2
456,474,51.541515,False,-0.038557746,"Gascoyne Road, Victoria Park",200155,Hackney,,2
484,58,51.52452699,False,-0.079248081,"New Inn Yard, Shoreditch",1032,Hackney,,2
492,41,51.520955,False,-0.083493552,"Pindar Street, Liverpool Street",1084,Hackney,,2
497,534,51.531864,False,-0.066035,"Goldsmith's Row, Haggerston",200159,Hackney,,2
505,574,51.53356,False,-0.09315,"Eagle Wharf Road, Hoxton",200246,Hackney,,2
517,466,51.534464,False,-0.076341,"Whiston Road, Haggerston",200158,Hackney,,2
526,96,51.53095071,False,-0.078505384,"Falkirk Street, Hoxton",1047,Hackney,,2
529,50,51.52867339,False,-0.087459376,"East Road, Hoxton",1054,Hackney,,2
585,21,51.539834,False,-0.062806212,"Lansdowne Drive, Hackney Central",3426,Hackney,,2
637,717,51.53658514,False,-0.075885686,"Dunston Road , Haggerston",300024,Hackney,,2
656,536,51.53385,False,-0.06992,"Queensbridge Road, Haggerston",200024,Hackney,,2
707,588,51.52959,False,-0.0801,"Hoxton Street, Hoxton",200071,Hackney,,2
743,32,51.52469624,False,-0.084439283,"Leonard Circus , Shoreditch",1020,Hackney,,2
750,3,51.52128377,False,-0.084605692,"Christopher Street, Liverpool Street",1012,Hackney,,2
755,175,51.521668,False,-0.079608554,"Worship Street, Shoreditch",997,Hackney,,2
780,718,51.53571683,False,-0.060291813,"Ada Street, Hackney Central",300040,Hackney,,2
10,813,51.48780745,False,-0.122759626,"New Spring Gardens Walk, Vauxhall",300224,Lambeth,,2
16,273,51.50613324,False,-0.114686385,"Belvedere Road 1, South Bank",1186,Lambeth,,2
36,336,51.504942,False,-0.115533,"Concert Hall Approach 2, South Bank",1212,Lambeth,,2
44,91,51.49368637,False,-0.111014912,"Walnut Tree Walk, Vauxhall",1076,Lambeth,,2
51,794,51.461376,False,-0.14780467,"Victoria Rise, Clapham Common",300204,Lambeth,,2
57,830,51.469202,False,-0.11902256,"Sidney Road, Stockwell",300229,Lambeth,,2
61,802,51.47659006,False,-0.118256789,"Albert Square, Stockwell",300209,Lambeth,,2
62,828,51.473874,False,-0.11258096,"Normandy Road, Stockwell",300225,Lambeth,,2
69,361,51.50391973,False,-0.11342629,"Waterloo Station 2, Waterloo",2692,Lambeth,,2
70,334,51.505044,False,-0.115851,"Concert Hall Approach 1, South Bank",2635,Lambeth,,2
86,371,51.49775,False,-0.10988,"King Edward Walk, Waterloo",2639,Lambeth,,2
107,154,51.50379168,False,-0.11282408,"Waterloo Station 3, Waterloo",1072,Lambeth,,2
108,374,51.50402794,False,-0.11386436,"Waterloo Station 1, Waterloo",2696,Lambeth,,2
109,173,51.50486,False,-0.113001,"Waterloo Road, South Bank",1176,Lambeth,,2
116,310,51.4908679,False,-0.116911864,"Black Prince Road, Vauxhall",1205,Lambeth,,2
127,829,51.469217,False,-0.11268674,"Wynne Road, Stockwell",300230,Lambeth,,2
132,808,51.464995,False,-0.13090885,"Gauden Road, Clapham",300207,Lambeth,,2
139,603,51.477839,False,-0.116493,"Caldwell Street, Stockwell",200137,Lambeth,,2
177,272,51.50144456,False,-0.110699309,"Baylis Road, Waterloo",1133,Lambeth,,2
178,672,51.502698,False,-0.1167474,"Chicheley Street, South Bank",200206,Lambeth,,2
181,612,51.46925984,False,-0.141812513,"Wandsworth Rd, Isley Court, Wandsworth Road",200175,Lambeth,,2
203,62,51.4907579,False,-0.106323685,"Cotton Garden Estate, Kennington",990,Lambeth,,2
217,624,51.4729184,False,-0.132102704,"Courland Grove, Wandsworth Road",200173,Lambeth,,2
226,149,51.48478899,False,-0.110683213,"Kennington Road Post Office, Oval",1073,Lambeth,,2
251,814,51.47143307,False,-0.123670736,"Clapham Road, Lingham Street, Stockwell",300245,Lambeth,,2
259,86,51.48947903,False,-0.115156562,"Sancroft Street, Vauxhall",3434,Lambeth,,2
260,827,51.479601,False,-0.11147178,"Cranmer Road, Stockwell",300247,Lambeth,,2
272,412,51.488105,False,-0.110121,"Cleaver Street, Kennington",10628,Lambeth,,2
284,117,51.49288067,False,-0.114934001,"Lollard Street, Vauxhall",998,Lambeth,,2
288,677,51.46866929,False,-0.146544642,"Heath Road, Battersea",200023,Lambeth,,2
299,654,51.48267821,False,-0.117661574,"Ashmole Estate, Oval",200223,Lambeth,,2
303,377,51.50535447,False,-0.113656543,"Waterloo Bridge, South Bank",2648,Lambeth,,2
342,352,51.486965,False,-0.116625,"Vauxhall Street, Vauxhall",1224,Lambeth,,2
345,600,51.481747,False,-0.124642,"South Lambeth Road, Vauxhall",200133,Lambeth,,2
355,832,51.464019,False,-0.11578197,"Ferndale Road, Brixton",200240,Lambeth,,2
360,602,51.472993,False,-0.133972,"Union Grove, Wandsworth Road",200211,Lambeth,,2
429,355,51.461388,False,-0.13922146,"Clapham Common Station, Clapham Common",2694,Lambeth,,2
438,630,51.47073264,False,-0.126994068,"Clarence Walk, Stockwell",200194,Lambeth,,2
452,74,51.48591714,False,-0.124469948,"Vauxhall Cross, Vauxhall",1000,Lambeth,,2
453,139,51.49488108,False,-0.117974901,"Lambeth Road, Vauxhall",1078,Lambeth,,2
455,284,51.49914063,False,-0.112031483,"Lambeth North Station, Waterloo",1117,Lambeth,,2
471,197,51.50556905,False,-0.111606696,"Stamford Street, South Bank",962,Lambeth,,2
491,435,51.488852,False,-0.105593,"Kennington Station, Kennington",22170,Lambeth,,2
512,347,51.50013942,False,-0.113936001,"Lower Marsh, Waterloo",1219,Lambeth,,2
559,270,51.4863434,False,-0.122492418,"Kennington Lane Rail Bridge, Vauxhall",1190,Lambeth,,2
577,100,51.49043573,False,-0.122806861,"Albert Embankment, Vauxhall",1059,Lambeth,,2
646,441,51.495656,False,-0.114605,"Sail Street, Vauxhall",200039,Lambeth,,2
652,387,51.49369988,False,-0.121394101,"Fire Brigade Pier, Vauxhall",2703,Lambeth,,2
657,772,51.47250956,False,-0.122831913,"Binfield Road, Stockwell",300015,Lambeth,,2
658,669,51.47614939,False,-0.1232585,"Teversham Lane, Stockwell",300036,Lambeth,,2
660,641,51.49824168,False,-0.117495865,"Archbishop's Park, Waterloo",300025,Lambeth,,2
664,831,51.466232,False,-0.11317995,"St John's Crescent, Brixton",300215,Lambeth,,2
692,676,51.47787084,False,-0.126874471,"Hartington Road, Stockwell",200207,Lambeth,,2
733,437,51.488124,False,-0.120903,"Vauxhall Walk, Vauxhall",200056,Lambeth,,2
745,144,51.48894022,False,-0.111435796,"Kennington Cross, Kennington",1093,Lambeth,,2
764,440,51.483145,False,-0.113134,"Kennington Oval, Oval",200032,Lambeth,,2
774,833,51.460232,False,-0.11537509,"Saltoun Road, Brixton",300206,Lambeth,,2
783,815,51.5000892,False,-0.116628701,"Lambeth Palace Road, Waterloo",300231,Lambeth,,2
792,819,51.50621,False,-0.114842,"Belvedere Road 2, South Bank",300246,Lambeth,,2
33,119,51.52589324,False,-0.090847761,"Bath Street, St. Luke's",964,Islington,,2
35,254,51.53051587,False,-0.106408455,"Chadwell Street, Angel",3471,Islington,,2
41,75,51.53219984,False,-0.105480698,"Torrens Street, Angel",1060,Islington,,2
49,439,51.5338,False,-0.118677,"Killick Street, King's Cross",200053,Islington,,2
75,189,51.53166681,False,-0.109914711,"Claremont Square, Angel",1104,Islington,,2
89,234,51.53450449,False,-0.106992706,"Liverpool Road (N1 Centre), Angel",1081,Islington,,2
94,326,51.53266186,False,-0.099981142,"Graham Street, Angel",1131,Islington,,2
158,351,51.529423,False,-0.097122,"Macclesfield Rd, St Lukes",1226,Islington,,2
185,93,51.53440868,False,-0.109025404,"Cloudesley Road, Angel",2586,Islington,,2
189,78,51.52486887,False,-0.099489485,"Sadlers Sports Centre, Finsbury",3433,Islington,,2
190,344,51.528246,False,-0.10102611,"Goswell Road (City Uni), Finsbury",1222,Islington,,2
212,73,51.52548,False,-0.089659871,"Old Street Station, St. Luke's",1064,Islington,,2
229,1,51.52916347,False,-0.109970527,"River Street , Clerkenwell",1023,Islington,,2
237,227,51.52891573,False,-0.115480888,"Great Percy Street, Clerkenwell",3470,Islington,,2
256,107,51.52600832,False,-0.096317627,"Finsbury Leisure Centre, St. Luke's",1049,Islington,,2
277,319,51.52702563,False,-0.088542771,"Baldwin Street, St. Luke's",3500,Islington,,2
311,123,51.52836014,False,-0.104724625,"St. John Street, Finsbury",992,Islington,,2
332,140,51.52096262,False,-0.085634242,"Finsbury Square , Moorgate",1056,Islington,,2
337,72,51.52352001,False,-0.108340165,"Farringdon Lane, Clerkenwell",3432,Islington,,2
368,52,51.52295439,False,-0.094934859,"Roscoe Street, St. Luke's",1026,Islington,,2
410,339,51.5333196,False,-0.1117812,"Risinghill Street, Angel",1127,Islington,,2
460,135,51.52326004,False,-0.104708922,"Clerkenwell Green, Clerkenwell",1053,Islington,,2
461,593,51.531066,False,-0.11934,"Northdown Street, King's Cross",200058,Islington,,2
490,544,51.526153,False,-0.102208,"Percival Street, Finsbury",200051,Islington,,2
546,204,51.52659961,False,-0.112432615,"Margery Street, Clerkenwell",3468,Islington,,2
547,264,51.52644342,False,-0.109256828,"Tysoe Street, Clerkenwell",1146,Islington,,2
583,697,51.53639219,False,-0.112721065,"Charlotte Terrace, Angel",200129,Islington,,2
601,431,51.534474,False,-0.122203,"Crinan Street, King's Cross",22183,Islington,,2
606,70,51.53136059,False,-0.117069978,"Calshot Street , King's Cross",1066,Islington,,2
623,695,51.53638435,False,-0.102757578,"Islington Green, Angel",300031,Islington,,2
634,246,51.52285301,False,-0.099994052,"Berry Street, Clerkenwell",1159,Islington,,2
670,170,51.52784273,False,-0.108068155,"Hardwick Street, Clerkenwell",1057,Islington,,2
688,51,51.52671796,False,-0.104298194,"Finsbury Library , Finsbury",986,Islington,,2
754,674,51.53546778,False,-0.11619105,"Carnegie Street, King's Cross",300035,Islington,,2
758,331,51.52085887,False,-0.089887855,"Bunhill Row, Moorgate",1211,Islington,,2
800,365,51.530344,False,-0.100168,"City Road, Angel",2690,Islington,,2
38,693,51.464786,False,-0.215618902,"Felsham Road, Putney",300019,Wandsworth,,2
43,609,51.46512358,False,-0.157788279,"Sugden Road, Clapham",200208,Wandsworth,,2
55,637,51.45787019,False,-0.174691623,"Spencer Park, Wandsworth Common",200191,Wandsworth,,2
64,642,51.46916161,False,-0.174485792,"Fawcett Close, Battersea",200192,Wandsworth,,2
82,710,51.47439218,False,-0.163347594,"Albert Bridge Road, Battersea Park",300045,Wandsworth,,2
96,302,51.466907,False,-0.216573,"Putney Pier, Wandsworth",3492,Wandsworth,,2
105,701,51.47287627,False,-0.176267008,"Vicarage Crescent, Battersea",200077,Wandsworth,,2
125,700,51.47696496,False,-0.174347066,"Battersea Church Road, Battersea",200201,Wandsworth,,2
131,724,51.45799126,False,-0.184806157,"Alma Road, Wandsworth",300046,Wandsworth,,2
148,704,51.45682071,False,-0.202802098,"Mexfield Road, East Putney",200063,Wandsworth,,2
180,743,51.46079243,False,-0.212607684,"Oxford Road, Putney",300078,Wandsworth,,2
182,685,51.46067005,False,-0.198735357,"Osiers Road, Wandsworth",200219,Wandsworth,,2
234,756,51.47515398,False,-0.159169801,"Prince of Wales Drive, Battersea Park",300073,Wandsworth,,2
242,653,51.47084722,False,-0.17070367,"Simpson Street, Clapham Junction",200196,Wandsworth,,2
244,679,51.47453545,False,-0.170210533,"Orbel Street, Battersea",200114,Wandsworth,,2
247,821,51.48350749,False,-0.147714557,"Battersea Power Station, Battersea Park",300221,Wandsworth,,2
248,640,51.47286577,False,-0.148059277,"Silverthorne Road, Battersea",200179,Wandsworth,,2
249,728,51.46199911,False,-0.206240805,"Putney Bridge Road, East Putney",300044,Wandsworth,,2
250,767,51.45705988,False,-0.200806304,"Santos Road, Wandsworth",200177,Wandsworth,,2
282,709,51.46321128,False,-0.215550761,"Montserrat Road , Putney",200205,Wandsworth,,2
285,705,51.45971528,False,-0.212145939,"Upper Richmond Road, Putney",300042,Wandsworth,,2
292,683,51.46506424,False,-0.163750945,"Dorothy Road, Clapham Junction",200119,Wandsworth,,2
293,688,51.46095151,False,-0.20066766,"Northfields, Wandsworth",200204,Wandsworth,,2
301,673,51.46517078,False,-0.18038939,"Hibbert Street, Battersea",300051,Wandsworth,,2
333,621,51.46086446,False,-0.187427294,"Wandsworth Town Station, Wandsworth",200091,Wandsworth,,2
350,766,51.45752945,False,-0.192165613,"Ram Street, Wandsworth",200079,Wandsworth,,2
372,665,51.46108367,False,-0.191722864,"Smugglers Way, Wandsworth",200113,Wandsworth,,2
382,658,51.47729232,False,-0.16478637,"Ethelburga Estate, Battersea Park",300005,Wandsworth,,2
385,708,51.46161068,,-0.21614583,"Disraeli Road, Putney",200217,Wandsworth,,2
386,768,51.46134382,False,-0.159322467,"Clapham Common North Side, Clapham Common",300065,Wandsworth,,2
401,694,51.46071722,False,-0.216526155,"Putney Rail Station, Putney",300033,Wandsworth,,2
415,684,51.45475251,False,-0.195197203,"Neville Gill Close, Wandsworth",200188,Wandsworth,,2
430,623,51.46193072,False,-0.180791784,"Nantes Close, Wandsworth",200186,Wandsworth,,2
439,670,51.46718562,False,-0.152248582,"Ashley Crescent, Battersea",200169,Wandsworth,,2
459,776,51.460333,False,-0.167029,"Abyssinia Close, Clapham Junction",300099,Wandsworth,,2
462,726,51.47505096,False,-0.150908371,"Alfreda Street, Battersea Park",300047,Wandsworth,,2
486,627,51.4687905,False,-0.158230901,"Holden Street, Battersea",200007,Wandsworth,,2
489,777,51.46192307,False,-0.165297857,"Limburg Road, Clapham Junction",300100,Wandsworth,,2
524,690,51.47047503,False,-0.152130083,"Stanley Grove, Battersea",200199,Wandsworth,,2
531,638,51.46663393,False,-0.169821175,"Falcon Road, Clapham Junction",300014,Wandsworth,,2
532,714,51.47311696,False,-0.137235175,"Stewart's Road, Wandsworth Road",300055,Wandsworth,,2
553,664,51.474376,False,-0.155442787,"Austin Road, Battersea Park",300013,Wandsworth,,2
557,680,51.47768469,False,-0.170329317,"Westbridge Road, Battersea",200210,Wandsworth,,2
607,183,51.482362,False,-0.13612398,"Riverlight North, Nine Elms",1165,Wandsworth,,2
610,620,51.47518024,False,-0.167160736,"Surrey Lane, Battersea",300010,Wandsworth,,2
611,675,51.46348914,False,-0.182126248,"Usk Road, Clapham Junction",200126,Wandsworth,,2
612,800,51.48112194,False,-0.149035375,"Sopwith Way, Battersea Park",300248,Wandsworth,,2
651,625,51.47761941,False,-0.149551631,"Queen's Circus, Battersea Park",200190,Wandsworth,,2
653,689,51.45922541,False,-0.180884959,"Spanish Road, Clapham Junction",200106,Wandsworth,,2
668,632,51.47053858,False,-0.163041605,"Sheepcote Lane, Battersea",200176,Wandsworth,,2
672,678,51.46231278,False,-0.211468596,"Esmond Street, Putney",200170,Wandsworth,,2
673,734,51.46230566,False,-0.175407201,"Plough Terrace, Clapham Junction",300094,Wandsworth,,2
683,817,51.48133547,False,-0.138212296,"Riverlight South, Nine Elms",300232,Wandsworth,,2
685,750,51.4710956,False,-0.157850096,"Culvert Road, Battersea",300080,Wandsworth,,2
687,735,51.46489445,False,-0.17302926,"Grant Road East, Clapham Junction",200120,Wandsworth,,2
706,834,51.477966,False,-0.14785703,"Gas Holders, Battersea Park",300216,Wandsworth,,2
709,744,51.46745485,False,-0.172293499,"Ingrave Street, Clapham Junction",300077,Wandsworth,,2
720,629,51.45995384,False,-0.190184054,"Morie Street, Wandsworth",200187,Wandsworth,,2
748,631,51.4795017,False,-0.141770709,"Battersea Park Road, Nine Elms",200183,Wandsworth,,2
765,764,51.46239255,False,-0.16829214,"St. John's Road, Clapham Junction",200185,Wandsworth,,2
7,634,51.49434708,False,-0.215804559,"Brook Green South, Brook Green",300002,Hammersmith and Fulham,,2
15,598,51.494499,False,-0.228188,"Southerton Road, Hammersmith",200166,Hammersmith and Fulham,,2
22,682,51.48810829,False,-0.22660621,"Crisp Road, Hammersmith",200059,Hammersmith and Fulham,,2
48,617,51.47107905,False,-0.207842908,"Elysium Place, Fulham",200028,Hammersmith and Fulham,,2
50,720,51.48724429,False,-0.205279052,"Star Road, West Kensington",300038,Hammersmith and Fulham,,2
52,616,51.48102131,False,-0.209973497,"Aintree Street, Fulham",200098,Hammersmith and Fulham,,2
53,729,51.47893931,False,-0.208485293,"St. Peter's Terrace, Fulham",300043,Hammersmith and Fulham,,2
65,738,51.47514228,False,-0.187278987,"Imperial Road, Sands End",300087,Hammersmith and Fulham,,2
84,769,51.473611,False,-0.191803,"Sandilands Road, Walham Green",300001,Hammersmith and Fulham,,2
88,727,51.47569809,False,-0.20587627,"Chesilton Road, Fulham",300054,Hammersmith and Fulham,,2
91,615,51.4768851,False,-0.215895601,"Finlay Street, Fulham",200029,Hammersmith and Fulham,,2
92,618,51.47625965,False,-0.193254007,"Eel Brook Common, Walham Green",300003,Hammersmith and Fulham,,2
124,525,51.496927,False,-0.21350087,"Blythe Road, Olympia",200153,Hammersmith and Fulham,,2
128,761,51.48321729,False,-0.211860644,"Humbolt Road, Fulham",300068,Hammersmith and Fulham,,2
130,597,51.473471,False,-0.20782,"Fulham Park Road, Fulham",200229,Hammersmith and Fulham,,2
199,657,51.49968,False,-0.221791551,"Blythe Road West, Shepherd's Bush",200220,Hammersmith and Fulham,,2
211,736,51.50659035,False,-0.216104479,"Queensdale Road, Shepherd's Bush",300088,Hammersmith and Fulham,,2
213,633,51.48959104,False,-0.209378594,"Vereker Road, West Kensington",200116,Hammersmith and Fulham,,2
219,671,51.475089,False,-0.201968,"Parsons Green Station, Parsons Green",300052,Hammersmith and Fulham,,2
240,626,51.48438657,False,-0.20481514,"Normand Park, West Kensington",300008,Hammersmith and Fulham,,2
246,647,51.50035306,False,-0.217515071,"Richmond Way, Shepherd's Bush",200181,Hammersmith and Fulham,,2
252,711,51.48335692,False,-0.216305546,"Everington Street, Fulham",300028,Hammersmith and Fulham,,2
264,571,51.506256,False,-0.218337,"Westfield Southern Terrace ,Shepherd's Bush",200061,Hammersmith and Fulham,,2
266,770,51.491026,False,-0.209121,"Gwendwr Road, West Kensington",300097,Hammersmith and Fulham,,2
269,723,51.46822047,False,-0.190346493,"Stephendale Road, Sands End",300053,Hammersmith and Fulham,,2
287,668,51.49422354,False,-0.236769936,"Ravenscourt Park Station, Hammersmith",300037,Hammersmith and Fulham,,2
290,599,51.485743,False,-0.223616,"Manbre Road, Hammersmith",200235,Hammersmith and Fulham,,2
291,636,51.46706414,False,-0.193502076,"South Park, Sands End",200180,Hammersmith and Fulham,,2
351,780,51.474665,False,-0.18316517,"Imperial Wharf Station, Sands End",300070,Hammersmith and Fulham,,2
357,667,51.5015946,False,-0.222293381,"Shepherd's Bush Road North, Shepherd's Bush",200209,Hammersmith and Fulham,,2
358,635,51.48606206,False,-0.214428378,"Greyhound Road, Hammersmith",200215,Hammersmith and Fulham,,2
359,619,51.4737636,False,-0.197010096,"Irene Road, Parsons Green",300012,Hammersmith and Fulham,,2
412,852,51.4835707,False,-0.2020387,"Coomer Place, West Kensington",300006,Hammersmith and Fulham,,2
417,644,51.48373225,False,-0.223852256,"Rainville Road, Hammersmith",200182,Hammersmith and Fulham,,2
419,731,51.47727637,False,-0.189210466,"Michael Road, Walham Green",300095,Hammersmith and Fulham,,2
437,655,51.48294452,False,-0.219346128,"Crabtree Lane, Fulham",200221,Hammersmith and Fulham,,2
468,782,51.483911,False,-0.19760944,"Halford Road, West Kensington",300210,Hammersmith and Fulham,,2
470,686,51.48814438,False,-0.222456468,"Beryl Road, Hammersmith",200097,Hammersmith and Fulham,,2
488,696,51.48728535,False,-0.217995921,"Charing Cross Hospital, Hammersmith",300018,Hammersmith and Fulham,,2
501,707,51.49021762,False,-0.215087092,"Barons Court Station, West Kensington",200197,Hammersmith and Fulham,,2
534,608,51.491093,False,-0.216493,"Colet Gardens, Hammersmith",200224,Hammersmith and Fulham,,2
550,660,51.49087074,False,-0.206029743,"West Kensington Station, West Kensington",300020,Hammersmith and Fulham,,2
563,681,51.47303687,False,-0.214749808,"Bishop's Avenue, Fulham",200043,Hammersmith and Fulham,,2
571,730,51.49208492,False,-0.229116862,"Bridge Avenue, Hammersmith",300082,Hammersmith and Fulham,,2
575,596,51.472817,False,-0.199783,"Parson's Green , Parson's Green",200237,Hammersmith and Fulham,,2
593,566,51.509158,False,-0.224103,"Westfield Ariel Way, White City",200141,Hammersmith and Fulham,,2
602,774,51.470131,False,-0.20464,"Hurlingham Park, Parsons Green",300098,Hammersmith and Fulham,,2
622,607,51.468814,False,-0.210279,"Putney Bridge Station, Fulham",200125,Hammersmith and Fulham,,2
627,595,51.493267,False,-0.21985,"Hammersmith Road, Hammersmith",200142,Hammersmith and Fulham,,2
631,648,51.46904022,False,-0.19627483,"Peterborough Road, Sands End",200171,Hammersmith and Fulham,,2
648,613,51.50403821,False,-0.217400093,"Woodstock Grove, Shepherd's Bush",200214,Hammersmith and Fulham,,2
650,628,51.46881971,False,-0.184318843,"William Morris Way, Sands End",200062,Hammersmith and Fulham,,2
669,656,51.46841875,False,-0.199135704,"Broomhouse Lane, Parsons Green",200040,Hammersmith and Fulham,,2
693,765,51.46760141,False,-0.20682737,"Ranelagh Gardens, Fulham",300064,Hammersmith and Fulham,,2
703,691,51.47946386,False,-0.195777222,"Erin Close, Walham Green",200184,Hammersmith and Fulham,,2
705,737,51.47993289,False,-0.19411695,"Fulham Broadway, Walham Green",300086,Hammersmith and Fulham,,2
728,601,51.514767,False,-0.225787,"BBC White City, White City",200136,Hammersmith and Fulham,,2
789,775,51.496664,False,-0.223868,"Little Brook Green, Brook Green",300101,Hammersmith and Fulham,,2
11,2,51.49960695,False,-0.197574246,"Phillimore Gardens, Kensington",1018,Kensington and Chelsea,,2
18,157,51.50039792,False,-0.193068385,"Wright's Lane, Kensington",1094,Kensington and Chelsea,,2
30,37,51.49159394,False,-0.192369256,"Penywern Road, Earl's Court",3444,Kensington and Chelsea,,2
47,560,51.511624,False,-0.205921,"Ladbroke Grove Central, Ladbroke Grove",200015,Kensington and Chelsea,,2
54,293,51.49815779,False,-0.209494128,"Kensington Olympia Station, Olympia",1214,Kensington and Chelsea,,2
58,219,51.49016361,False,-0.19039362,"Bramham Gardens, Earl's Court",1183,Kensington and Chelsea,,2
71,171,51.4916156,False,-0.186753859,"Collingham Gardens, Earl's Court",3459,Kensington and Chelsea,,2
83,543,51.509591,False,-0.204666,"Lansdowne Walk, Ladbroke Grove",200065,Kensington and Chelsea,,2
90,307,51.50990837,False,-0.187842717,"Black Lion Gate, Kensington Gardens",1157,Kensington and Chelsea,,2
93,651,51.48089844,False,-0.183853573,"Thorndike Close, West Chelsea",300030,Kensington and Chelsea,,2
102,622,51.50748124,False,-0.205535908,"Lansdowne Road, Ladbroke Grove",200172,Kensington and Chelsea,,2
103,216,51.49094565,False,-0.181190899,"Old Brompton Road, South Kensington",3479,Kensington and Chelsea,,2
143,212,51.50658458,False,-0.199004026,"Campden Hill Road, Notting Hill",3487,Kensington and Chelsea,,2
146,158,51.49085368,False,-0.196170309,"Trebovir Road, Earl's Court",1113,Kensington and Chelsea,,2
147,296,51.49363156,False,-0.190603326,"Knaresborough Place, Earl's Court",200069,Kensington and Chelsea,,2
156,36,51.50173726,False,-0.184980612,"De Vere Gardens, Kensington",3446,Kensington and Chelsea,,2
171,589,51.487196,False,-0.179369,"Drayton Gardens, West Chelsea",200060,Kensington and Chelsea,,2
179,163,51.4931848,False,-0.167894973,"Sloane Avenue, Knightsbridge",3461,Kensington and Chelsea,,2
188,337,51.51108452,False,-0.197524944,"Pembridge Villas, Notting Hill",2589,Kensington and Chelsea,,2
194,155,51.49586666,False,-0.191933711,"Lexham Gardens, Kensington",1121,Kensington and Chelsea,,2
196,611,51.50646524,False,-0.208486599,"Princedale Road , Holland Park",200067,Kensington and Chelsea,,2
216,333,51.50860544,False,-0.193764092,"Palace Gardens Terrace, Notting Hill",2633,Kensington and Chelsea,,2
224,38,51.4973875,False,-0.197245586,"Abingdon Villas, Kensington",3442,Kensington and Chelsea,,2
233,610,51.48256792,False,-0.172078187,"Danvers Street, West Chelsea",200222,Kensington and Chelsea,,2
243,151,51.51213691,False,-0.201554966,"Chepstow Villas, Notting Hill",1120,Kensington and Chelsea,,2
274,97,51.49792478,False,-0.183834706,"Gloucester Road (North), Kensington",3447,Kensington and Chelsea,,2
278,643,51.5190427,False,-0.204764421,"All Saints' Road, Portobello",300026,Kensington and Chelsea,,2
279,649,51.48180515,False,-0.18027465,"World's End Place, West Chelsea",300009,Kensington and Chelsea,,2
283,758,51.51787005,False,-0.201005397,"Westbourne Park Road, Portobello",300057,Kensington and Chelsea,,2
286,606,51.504199,False,-0.210941,"Addison Road, Holland Park",200218,Kensington and Chelsea,,2
294,739,51.48176572,False,-0.185273723,"Hortensia Road, West Brompton",300091,Kensington and Chelsea,,2
296,209,51.49358391,False,-0.165101392,"Denyer Street, Knightsbridge",3454,Kensington and Chelsea,,2
304,384,51.496481,False,-0.192404,"Marloes Road, Kensington",3505,Kensington and Chelsea,,2
310,103,51.50472376,False,-0.192538767,"Vicarage Gate, Kensington",3441,Kensington and Chelsea,,2
312,529,51.486892,False,-0.170983,"Manresa Road, Chelsea",200010,Kensington and Chelsea,,2
316,332,51.49334336,False,-0.194757949,"Nevern Place, Earl's Court",1210,Kensington and Chelsea,,2
326,757,51.48795853,False,-0.187404506,"Harcourt Terrace, West Brompton",300069,Kensington and Chelsea,,2
334,250,51.489932,False,-0.162727,"Royal Avenue 1, Chelsea",3440,Kensington and Chelsea,,2
335,280,51.490083,False,-0.162418,"Royal Avenue 2, Chelsea",3462,Kensington and Chelsea,,2
336,220,51.49066456,False,-0.166485083,"Chelsea Green, Chelsea",1179,Kensington and Chelsea,,2
346,128,51.49536226,False,-0.185296516,"Emperor's Gate, South Kensington",1116,Kensington and Chelsea,,2
370,133,51.50136494,False,-0.191462381,"Derry Street, Kensington",3436,Kensington and Chelsea,,2
373,742,51.51510818,False,-0.208565479,"Blenheim Crescent, Ladbroke Grove",300090,Kensington and Chelsea,,2
374,142,51.49372451,False,-0.198286569,"West Cromwell Road, Earl's Court",1001,Kensington and Chelsea,,2
376,662,51.48498496,False,-0.167919869,"Phene Street, Chelsea",200189,Kensington and Chelsea,,2
377,755,51.48512191,False,-0.174971902,"The Vale, Chelsea",300058,Kensington and Chelsea,,2
389,404,51.50204238,False,-0.184400221,"Palace Gate, Kensington Gardens",1110,Kensington and Chelsea,,2
391,405,51.49418566,False,-0.18267094,"Gloucester Road Station, South Kensington",1107,Kensington and Chelsea,,2
399,113,51.49646288,False,-0.183289032,"Gloucester Road (Central), South Kensington",3435,Kensington and Chelsea,,2
405,771,51.509224,False,-0.216016,"Rifle Place, Avondale",300007,Kensington and Chelsea,,2
406,145,51.50074359,False,-0.202759212,"Ilchester Place, Kensington",1115,Kensington and Chelsea,,2
413,150,51.49705603,False,-0.168917077,"Holy Trinity Brompton, Knightsbridge",1002,Kensington and Chelsea,,2
422,432,51.496468,False,-0.17379696,"Exhibition Road Museums 1, South Kensington",22158,Kensington and Chelsea,,2
433,515,51.500088,False,-0.211316,"Russell Gardens, Olympia",200080,Kensington and Chelsea,,2
435,559,51.501391,False,-0.205991,"Abbotsbury Road, Holland Park",200111,Kensington and Chelsea,,2
436,740,51.51092871,False,-0.214594781,"Sirdar Road, Avondale",300084,Kensington and Chelsea,,2
441,398,51.502319,False,-0.200742,"Holland Park, Kensington",10631,Kensington and Chelsea,,2
448,482,51.495947,False,-0.17368958,"Exhibition Road Museums 2, South Kensington",200052,Kensington and Chelsea,,2
449,395,51.492462,False,-0.159919,"Cadogan Gardens, Chelsea",2695,Kensington and Chelsea,,2
457,527,51.503802,False,-0.215808,"Hansard Mews, Holland Park",200154,Kensington and Chelsea,,2
467,746,51.4795738,False,-0.17903854,"Lots Road, West Chelsea",300076,Kensington and Chelsea,,2
478,356,51.494412,False,-0.173881,"South Kensington Station, South Kensington",2685,Kensington and Chelsea,,2
511,277,51.50315739,False,-0.191496313,"Kensington Church Street, Kensington",1143,Kensington and Chelsea,,2
514,375,51.50194596,False,-0.194392952,"Kensington Town Hall, Kensington",10632,Kensington and Chelsea,,2
525,754,51.5129006,False,-0.214762686,"Grenfell Road, Avondale",300067,Kensington and Chelsea,,2
535,211,51.49464523,False,-0.158105512,"Cadogan Place, Knightsbridge",3469,Kensington and Chelsea,,2
549,650,51.51687069,False,-0.213872396,"St. Mark's Road, North Kensington",300034,Kensington and Chelsea,,2
552,663,51.51323001,False,-0.211593602,"Clarendon Road, Avondale",200124,Kensington and Chelsea,,2
569,430,51.48902,False,-0.17524,"South Parade, Chelsea",22182,Kensington and Chelsea,,2
570,573,51.485587,False,-0.18119,"Limerston Street, West Chelsea",200001,Kensington and Chelsea,,2
576,741,51.5129814,False,-0.219486603,"Freston Road, Avondale",300085,Kensington and Chelsea,,2
581,807,51.5212,False,-0.208888173,"Bevington Road West, North Kensington",300236,Kensington and Chelsea,,2
596,168,51.50040123,False,-0.195455928,"Argyll Road, Kensington",3463,Kensington and Chelsea,,2
597,172,51.49121192,False,-0.173715911,"Sumner Place, South Kensington",1124,Kensington and Chelsea,,2
600,218,51.48971651,False,-0.170194408,"St. Luke's Church, Chelsea",3486,Kensington and Chelsea,,2
603,379,51.51431171,False,-0.200838199,"Turquoise Island, Notting Hill",2682,Kensington and Chelsea,,2
608,442,51.510101,False,-0.211358,"Walmer Road, Avondale",200035,Kensington and Chelsea,,2
649,747,51.48796408,False,-0.161765173,"Ormonde Gate, Chelsea",300089,Kensington and Chelsea,,2
654,781,51.495898,False,-0.173009,"Victoria & Albert Museum, South Kensington",300032,Kensington and Chelsea,,2
671,225,51.50935342,False,-0.196422,"Notting Hill Gate Station, Notting Hill",1182,Kensington and Chelsea,,2
682,187,51.49247977,False,-0.178433004,"Queen's Gate (South), South Kensington",1172,Kensington and Chelsea,,2
697,143,51.4968865,False,-0.161203828,"Pont Street, Knightsbridge",1114,Kensington and Chelsea,,2
718,368,51.50024195,False,-0.15934065,"Harriet Street, Knightsbridge",2681,Kensington and Chelsea,,2
721,652,51.51148696,False,-0.218190203,"Evesham Street, Avondale",300022,Kensington and Chelsea,,2
724,231,51.49396755,False,-0.17873226,"Queen's Gate (Central), South Kensington",1089,Kensington and Chelsea,,2
725,274,51.49671237,False,-0.20528437,"Warwick Road, Olympia",1134,Kensington and Chelsea,,2
730,5,51.49313,False,-0.156876,"Sedding Street, Sloane Square",3420,Kensington and Chelsea,,2
742,266,51.50102668,False,-0.180246101,"Queen's Gate (North), Kensington",1204,Kensington and Chelsea,,2
746,166,51.50185512,False,-0.159237081,"Seville Street, Knightsbridge",1177,Kensington and Chelsea,,2
751,345,51.48802358,False,-0.166878535,"Flood Street, Chelsea",1218,Kensington and Chelsea,,2
769,745,51.47816972,False,-0.18243547,"Upcerne Road, West Chelsea",300075,Kensington and Chelsea,,2
791,661,51.51632095,False,-0.202608612,"All Saints Church, Portobello",300023,Kensington and Chelsea,,2
799,378,51.49559291,False,-0.179077626,"Natural History Museum, South Kensington",2677,Kensington and Chelsea,,2
